1		
Galago_thomasi	galagidae	0.7778
Galago_demidoff	galagidae	0.7778
Galago_matschiei	galagidae	0.7778
Galago_moholi	galagidae	0.7778
Galago_gallarum	galagidae	0.7778
Galago_senegalensis	galagidae	0.7778
Galago_orinus	galagidae	0.7778
Galago_granti	galagidae	0.7778
Galago_zanzibaricus	galagidae	0.7778
Otolemur_crassicaudatus	galagidae	0.7778
Otolemur_garnettii	galagidae	0.7778
Galago_gabonensis	galagidae	0.7778
Galago_alleni	galagidae	0.7778
Euoticus_elegantulus	galagidae	0.7778
Loris_lydekkerianus	loris	1
Loris_tardigradus	loris	1
Nycticebus_pygmaeus	nycticebus	0.8333
Nycticebus_menagensis	nycticebus	0.8333
Nycticebus_javanicus	nycticebus	0.8333
Nycticebus_bengalensis	nycticebus	0.8333
Nycticebus_coucang	nycticebus	0.8333
Perodicticus_potto	peroticticus	1
Arctocebus_calabarensis	arctocebus	1
Arctocebus_aureus	arctocebus	1
Daubentonia_madagascariensis	daubentoniidae	1
Varecia_rubra	lemuridae	1
Varecia_variegata	lemuridae	1
Lemur_catta	lemuridae	1
Prolemur_simus	lemuridae	1
Hapalemur_aureus	lemuridae	1
Hapalemur_occidentalis	lemuridae	1
Hapalemur_alaotrensis	lemuridae	1
Hapalemur_griseus	lemuridae	1
Hapalemur_meridionalis	lemuridae	1
Eulemur_rufifrons	lemuridae	1
Eulemur_fulvus	lemuridae	1
Eulemur_albifrons	lemuridae	1
Eulemur_sanfordi	lemuridae	1
Eulemur_cinereiceps	lemuridae	1
Eulemur_collaris	lemuridae	1
Eulemur_rufus	lemuridae	1
Eulemur_mongoz	lemuridae	1
Eulemur_macaco	lemuridae	1
Eulemur_flavifrons	lemuridae	1
Eulemur_coronatus	lemuridae	1
Eulemur_rubriventer	lemuridae	1
Phaner_pallescens	phaner	0.25
Lepilemur_aeeclis	lepilemuridae	0.9231
Lepilemur_randrianasoloi	lepilemuridae	0.9231
Lepilemur_hubbardorum	lepilemuridae	0.9231
Lepilemur_ruficaudatus	lepilemuridae	0.9231
Lepilemur_leucopus	lepilemuridae	0.9231
Lepilemur_petteri	lepilemuridae	0.9231
Lepilemur_microdon	lepilemuridae	0.9231
Lepilemur_otto	lepilemuridae	0.9231
Lepilemur_grewcockorum	lepilemuridae	0.9231
Lepilemur_edwardsi	lepilemuridae	0.9231
Lepilemur_septentrionalis	lepilemuridae	0.9231
Lepilemur_ankaranensis	lepilemuridae	0.9231
Lepilemur_tymerlachsoni	lepilemuridae	0.9231
Lepilemur_milanoii	lepilemuridae	0.9231
Lepilemur_mittermeieri	lepilemuridae	0.9231
Lepilemur_sahamalazensis	lepilemuridae	0.9231
Lepilemur_ahmansoni	lepilemuridae	0.9231
Lepilemur_dorsalis	lepilemuridae	0.9231
Lepilemur_seali	lepilemuridae	0.9231
Lepilemur_wrighti	lepilemuridae	0.9231
Lepilemur_fleuretae	lepilemuridae	0.9231
Lepilemur_mustelinus	lepilemuridae	0.9231
Lepilemur_betsileo	lepilemuridae	0.9231
Lepilemur_jamesorum	lepilemuridae	0.9231
Allocebus_trichotis	Allocebus	1
Mirza_coquereli	mizra	1
Mirza_zaza	mizra	1
Microcebus_griseorufus	microcebus	0.95
Microcebus_murinus	microcebus	0.95
Microcebus_macarthurii	microcebus	0.95
Microcebus_danfossi	microcebus	0.95
Microcebus_ravelobensis	microcebus	0.95
Microcebus_bongolavensis	microcebus	0.95
Microcebus_rufus	microcebus	0.95
Microcebus_sambiranensis	microcebus	0.95
Microcebus_arnholdi	microcebus	0.95
Microcebus_mamiratra	microcebus	0.95
Microcebus_margotmarshae	microcebus	0.95
Microcebus_myoxinus	microcebus	0.95
Microcebus_berthae	microcebus	0.95
Microcebus_lehilahytsara	microcebus	0.95
Microcebus_mittermeieri	microcebus	0.95
Microcebus_simmonsi	microcebus	0.95
Microcebus_jollyae	microcebus	0.95
Microcebus_gerpi	microcebus	0.95
Microcebus_tavaratra	microcebus	0.95
Cheirogaleus_sibreei	cheirogaleus	0.5714
Cheirogaleus_crossleyi	cheirogaleus	0.5714
Cheirogaleus_major	cheirogaleus	0.5714
Cheirogaleus_medius	cheirogaleus	0.5714
Indri_indri	indri	1
Avahi_ramanantsoavani	avahi	0.8889
Avahi_meridionalis	avahi	0.8889
Avahi_peyrierasi	avahi	0.8889
Avahi_betsilio	avahi	0.8889
Avahi_laniger	avahi	0.8889
Avahi_occidentalis	avahi	0.8889
Avahi_cleesei	avahi	0.8889
Avahi_unicolor	avahi	0.8889
Propithecus_perrieri	propithecus	0.6667
Propithecus_edwardsi	propithecus	0.6667
Propithecus_diadema	propithecus	0.6667
Propithecus_tattersalli	propithecus	0.6667
Propithecus_coquereli	propithecus	0.6667
Propithecus_verreauxi	propithecus	0.6667
Tarsius_dentatus	tarsiidae	0.7
Tarsius_wallacei	tarsiidae	0.7
Tarsius_tarsier	tarsiidae	0.7
Tarsius_sangirensis	tarsiidae	0.7
Tarsius_lariang	tarsiidae	0.7
Tarsius_bancanus	tarsiidae	0.7
Tarsius_syrichta	tarsiidae	0.7
Cacajao_calvus	cacajao	1
Cacajao_hosomi	cacajao	1
Chiropotes_chiropotes	chiropotes	0.5
Chiropotes_utahicki	chiropotes	0.5
Pithecia_pithecia	pithecia	0.1875
Pithecia_monachus	pithecia	0.1875
Pithecia_irrorata	pithecia	0.1875
Callicebus_lugens	callicebus	0.3667
Callicebus_torquatus	callicebus	0.3667
Callicebus_personatus	callicebus	0.3667
Callicebus_coimbrai	callicebus	0.3667
Callicebus_nigrifrons	callicebus	0.3667
Callicebus_cupreus	callicebus	0.3667
Callicebus_brunneus	callicebus	0.3667
Callicebus_moloch	callicebus	0.3667
Callicebus_hoffmannsi	callicebus	0.3667
Callicebus_caligatus	callicebus	0.3667
Callicebus_donacophilus	callicebus	0.3667
Alouatta_pigra	alouatta	0.6667
Alouatta_palliata	alouatta	0.6667
Alouatta_caraya	alouatta	0.6667
Alouatta_sara	alouatta	0.6667
Alouatta_nigerrima	alouatta	0.6667
Alouatta_macconnelli	alouatta	0.6667
Alouatta_guariba	alouatta	0.6667
Alouatta_belzebul	alouatta	0.6667
Brachyteles_hypoxanthus	brachyteles	1
Brachyteles_arachnoides	brachyteles	1
Lagothrix_cana	lagothrix	1
Lagothrix_lagotricha	lagothrix	1
Lagothrix_poeppigii	lagothrix	1
Lagothrix_lugens	lagothrix	1
Ateles_fusciceps	ateles	1
Ateles_hybridus	ateles	1
Ateles_belzebuth	ateles	1
Ateles_geoffroyi	ateles	1
Ateles_paniscus	ateles	1
Ateles_marginatus	ateles	1
Ateles_chamek	ateles	1
Saimiri_ustus	saimiri	0.8
Saimiri_sciureus	saimiri	0.8
Saimiri_oerstedii	saimiri	0.8
Saimiri_boliviensis	saimiri	0.8
Cebus_libidinosus	sapajas	0.5
Cebus_apella	sapajas	0.5
Cebus_xanthosternos	sapajas	0.5
Cebus_robustus	sapajas	0.5
Cebus_capucinus	cebus	0.3333
Cebus_kaapori	cebus	0.3333
Cebus_albifrons	cebus	0.3333
Saguinus_fuscicollis	saguinus	0.875
Saguinus_melanoleucus	saguinus	0.875
Saguinus_nigricollis	saguinus	0.875
Saguinus_tripartitus	saguinus	0.875
Saguinus_oedipus	saguinus	0.875
Saguinus_geoffroyi	saguinus	0.875
Saguinus_bicolor	saguinus	0.875
Saguinus_martinsi	saguinus	0.875
Saguinus_niger	saguinus	0.875
Saguinus_midas	saguinus	0.875
Saguinus_imperator	saguinus	0.875
Saguinus_labiatus	saguinus	0.875
Saguinus_mystax	saguinus	0.875
Saguinus_leucopus	saguinus	0.875
Leontopithecus_rosalia	leontopithecus	0.75
Leontopithecus_chrysopygus	leontopithecus	0.75
Leontopithecus_chrysomelas	leontopithecus	0.75
Callimico_goeldii	callimico	1
Callithrix_saterei	callithrix	0.5909
Callithrix_aurita	callithrix	0.5909
Callithrix_geoffroyi	callithrix	0.5909
Callithrix_kuhlii	callithrix	0.5909
Callithrix_jacchus	callithrix	0.5909
Callithrix_penicillata	callithrix	0.5909
Callithrix_argentata	callithrix	0.5909
Callithrix_emiliae	callithrix	0.5909
Callithrix_mauesi	callithrix	0.5909
Callithrix_humeralifera	callithrix	0.5909
Callithrix_humilis	callithrix	0.5909
Callithrix_pygmaea	callithrix	0.5909
Aotus_vociferans	aotidae	0.6364
Aotus_lemurinus	aotidae	0.6364
Aotus_griseimembra	aotidae	0.6364
Aotus_trivirgatus	aotidae	0.6364
Aotus_nancymaae	aotidae	0.6364
Aotus_nigriceps	aotidae	0.6364
Aotus_azarae	aotidae	0.6364
Pongo_abelii	hominidae	1
Pongo_pygmaeus	hominidae	1
Pan_troglodytes	hominidae	1
Pan_paniscus	hominidae	1
Homo_sapiens	hominidae	1
Gorilla_beringei	hominidae	1
Gorilla_gorilla	hominidae	1
Hoolock_hoolock	hoolock	1
Hoolock_leuconedys	hoolock	1
Symphalangus_syndactylus	symphalangus	1
Hylobates_pileatus	hylobates	1
Hylobates_klossii	hylobates	1
Hylobates_moloch	hylobates	1
Hylobates_agilis	hylobates	1
Hylobates_albibarbis	hylobates	1
Hylobates_muelleri	hylobates	1
Hylobates_lar	hylobates	1
Nomascus_leucogenys	nomascus	0.8571
Nomascus_siki	nomascus	0.8571
Nomascus_gabriellae	nomascus	0.8571
Nomascus_concolor	nomascus	0.8571
Nomascus_nasutus	nomascus	0.8571
Nomascus_hainanus	nomascus	0.8571
Macaca_sylvanus	macaca	0.9565
Macaca_nemestrina	macaca	0.9565
Macaca_silenus	macaca	0.9565
Macaca_pagensis	macaca	0.9565
Macaca_siberu	macaca	0.9565
Macaca_leonina	macaca	0.9565
Macaca_hecki	macaca	0.9565
Macaca_nigrescens	macaca	0.9565
Macaca_tonkeana	macaca	0.9565
Macaca_nigra	macaca	0.9565
Macaca_maura	macaca	0.9565
Macaca_ochreata	macaca	0.9565
Macaca_arctoides	macaca	0.9565
Macaca_thibetana	macaca	0.9565
Macaca_assamensis	macaca	0.9565
Macaca_sinica	macaca	0.9565
Macaca_radiata	macaca	0.9565
Macaca_munzala	macaca	0.9565
Macaca_cyclopis	macaca	0.9565
Macaca_mulatta	macaca	0.9565
Macaca_fuscata	macaca	0.9565
Macaca_fascicularis	macaca	0.9565
Theropithecus_gelada	papio	1
Papio_papio	papio	1
Papio_hamadryas	papio	1
Papio_cynocephalus	papio	1
Papio_ursinus	papio	1
Papio_anubis	papio	1
Rungwecebus_kipunji	rungwecebus	1
Lophocebus_albigena	lophocebus	1
Lophocebus_aterrimus	lophocebus	1
Mandrillus_leucophaeus	mandrillus	1
Mandrillus_sphinx	mandrillus	1
Cercocebus_chrysogaster	cercocebus	0.8333
Cercocebus_galeritus	cercocebus	0.8333
Cercocebus_agilis	cercocebus	0.8333
Cercocebus_atys	cercocebus	0.8333
Cercocebus_torquatus	cercocebus	0.8333
Cercopithecus_campbelli	cerco-chloro-erythro	0.88
Chlorocebus_cynosuros	cerco-chloro-erythro	0.88
Chlorocebus_sabaeus	cerco-chloro-erythro	0.88
Chlorocebus_pygerythrus	cerco-chloro-erythro	0.88
Chlorocebus_aethiops	cerco-chloro-erythro	0.88
Chlorocebus_tantalus	cerco-chloro-erythro	0.88
Cercopithecus_solatus	cerco-chloro-erythro	0.88
Cercopithecus_preussi	cerco-chloro-erythro	0.88
Cercopithecus_lhoesti	cerco-chloro-erythro	0.88
Erythrocebus_patas	cerco-chloro-erythro	0.88
Cercopithecus_hamlyni	cerco-chloro-erythro	0.88
Cercopithecus_neglectus	cerco-chloro-erythro	0.88
Cercopithecus_mona	cerco-chloro-erythro	0.88
Cercopithecus_pogonias	cerco-chloro-erythro	0.88
Cercopithecus_diana	cerco-chloro-erythro	0.88
Cercopithecus_nictitans	cerco-chloro-erythro	0.88
Cercopithecus_mitis	cerco-chloro-erythro	0.88
Cercopithecus_ascanius	cerco-chloro-erythro	0.88
Cercopithecus_erythrogaster	cerco-chloro-erythro	0.88
Cercopithecus_erythrotis	cerco-chloro-erythro	0.88
Cercopithecus_cephus	cerco-chloro-erythro	0.88
Cercopithecus_petaurista	cerco-chloro-erythro	0.88
Allenopithecus_nigroviridis	allenopithecus	1
Miopithecus_ogouensis	miopithecus	1
Miopithecus_talapoin	miopithecus	1
Semnopithecus_priam	semno-trachy	0.75
Trachypithecus_vetulus	semno-trachy	0.75
Semnopithecus_hector	semno-trachy	0.75
Semnopithecus_entellus	semno-trachy	0.75
Trachypithecus_johnii	semno-trachy	0.75
Trachypithecus_geei	semno-trachy	0.75
Trachypithecus_pileatus	semno-trachy	0.75
Trachypithecus_laotum	semno-trachy	0.75
Trachypithecus_hatinhensis	semno-trachy	0.75
Trachypithecus_delacouri	semno-trachy	0.75
Trachypithecus_francoisi	semno-trachy	0.75
Trachypithecus_poliocephalus	semno-trachy	0.75
Trachypithecus_auratus	semno-trachy	0.75
Trachypithecus_cristatus	semno-trachy	0.75
Trachypithecus_germaini	semno-trachy	0.75
Trachypithecus_barbei	semno-trachy	0.75
Trachypithecus_obscurus	semno-trachy	0.75
Trachypithecus_phayrei	semno-trachy	0.75
Rhinopithecus_bieti	rhinopithecus	1
Rhinopithecus_roxellana	rhinopithecus	1
Rhinopithecus_avunculus	rhinopithecus	1
Rhinopithecus_brelichi	rhinopithecus	1
Simias_concolor	simias	1
Nasalis_larvatus	nasalis	1
Pygathrix_nigripes	pygathrix	1
Pygathrix_cinerea	pygathrix	1
Pygathrix_nemaeus	pygathrix	1
Presbytis_potenziani	presbytis	0.9
Presbytis_rubicunda	presbytis	0.9
Presbytis_melalophos	presbytis	0.9
Presbytis_comata	presbytis	0.9
Presbytis_hosei	presbytis	0.9
Presbytis_frontata	presbytis	0.9
Presbytis_chrysomelas	presbytis	0.9
Presbytis_thomasi	presbytis	0.9
Presbytis_femoralis	presbytis	0.9
Piliocolobus_rufomitratus	piliocolobus	1
Piliocolobus_kirkii	piliocolobus	1
Piliocolobus_gordonorum	piliocolobus	1
Piliocolobus_pennantii	piliocolobus	1
Piliocolobus_preussi	piliocolobus	1
Piliocolobus_badius	piliocolobus	1
Procolobus_verus	procolobus	1
Colobus_satanas	colobus	1
Colobus_polykomos	colobus	1
Colobus_vellerosus	colobus	1
Colobus_guereza	colobus	1
Colobus_angolensis	colobus	1
